<?xml version="1.0" encoding="UTF-8"?><metadata xmlns="http://www.demandware.com/xml/impex/metadata/2006-10-31">

    <type-extension type-id="PaymentTransaction">
        <custom-attribute-definitions>
            <attribute-definition attribute-id="litleAVSCode">
                <display-name xml:lang="x-default">Litle AVS Code</display-name>
                <type>string</type>
                <mandatory-flag>false</mandatory-flag>
                <searchable-flag>false</searchable-flag>
                <externally-managed-flag>false</externally-managed-flag>
                <min-length>0</min-length>
            </attribute-definition>
            <attribute-definition attribute-id="litleAuthCode">
                <display-name xml:lang="x-default">Litle Auth Code</display-name>
                <type>string</type>
                <mandatory-flag>false</mandatory-flag>
                <searchable-flag>false</searchable-flag>
                <externally-managed-flag>false</externally-managed-flag>
                <min-length>0</min-length>
            </attribute-definition>
            <attribute-definition attribute-id="litleCCVCode">
                <display-name xml:lang="x-default">Litle CCV Code</display-name>
                <type>string</type>
                <mandatory-flag>false</mandatory-flag>
                <searchable-flag>false</searchable-flag>
                <externally-managed-flag>false</externally-managed-flag>
                <min-length>0</min-length>
            </attribute-definition>
            <attribute-definition attribute-id="litleResponseCode">
                <display-name xml:lang="x-default">Litle Response Code</display-name>
                <type>string</type>
                <mandatory-flag>false</mandatory-flag>
                <searchable-flag>false</searchable-flag>
                <externally-managed-flag>false</externally-managed-flag>
                <min-length>0</min-length>
            </attribute-definition>
            <attribute-definition attribute-id="litleResponseMessage">
                <display-name xml:lang="x-default">Litle Response Message</display-name>
                <type>string</type>
                <mandatory-flag>false</mandatory-flag>
                <searchable-flag>false</searchable-flag>
                <externally-managed-flag>false</externally-managed-flag>
                <min-length>0</min-length>
            </attribute-definition>
            <attribute-definition attribute-id="litleTransactionID">
                <display-name xml:lang="x-default">Litle Transaction ID</display-name>
                <type>string</type>
                <mandatory-flag>false</mandatory-flag>
                <searchable-flag>false</searchable-flag>
                <externally-managed-flag>false</externally-managed-flag>
                <min-length>0</min-length>
            </attribute-definition>
        </custom-attribute-definitions>
        <group-definitions>
            <attribute-group group-id="Litle">
                <display-name xml:lang="x-default">Litle</display-name>
                <attribute attribute-id="litleTransactionID"/>
                <attribute attribute-id="litleAuthCode"/>
                <attribute system="true" attribute-id="transactionID"/>
                <attribute attribute-id="litleResponseCode"/>
                <attribute attribute-id="litleResponseMessage"/>
                <attribute attribute-id="litleAVSCode"/>
                <attribute attribute-id="litleCCVCode"/>
            </attribute-group>
        </group-definitions>
    </type-extension>

    <type-extension type-id="SitePreferences">
        <custom-attribute-definitions>
            <attribute-definition attribute-id="LitleMerchantID_CC">
                <display-name xml:lang="x-default">Litle Merchant ID for CC</display-name>
                <type>string</type>
                <mandatory-flag>false</mandatory-flag>
                <externally-managed-flag>false</externally-managed-flag>
                <min-length>0</min-length>
            </attribute-definition>
            <attribute-definition attribute-id="LitlePassword">
                <display-name xml:lang="x-default">Litle Password</display-name>
                <type>string</type>
                <mandatory-flag>false</mandatory-flag>
                <externally-managed-flag>false</externally-managed-flag>
                <min-length>0</min-length>
            </attribute-definition>
            <attribute-definition attribute-id="LitleReportGroup">
                <display-name xml:lang="x-default">Litle Report Group</display-name>
                <type>string</type>
                <mandatory-flag>false</mandatory-flag>
                <externally-managed-flag>false</externally-managed-flag>
                <min-length>0</min-length>
            </attribute-definition>
            <attribute-definition attribute-id="LitleURL">
                <display-name xml:lang="x-default">Litle URL</display-name>
                <type>string</type>
                <mandatory-flag>false</mandatory-flag>
                <externally-managed-flag>false</externally-managed-flag>
                <min-length>0</min-length>
            </attribute-definition>
            <attribute-definition attribute-id="LitleUsername">
                <display-name xml:lang="x-default">Litle Username</display-name>
                <type>string</type>
                <mandatory-flag>false</mandatory-flag>
                <externally-managed-flag>false</externally-managed-flag>
                <min-length>0</min-length>
            </attribute-definition>
        </custom-attribute-definitions>
        <group-definitions>
            <attribute-group group-id="Litle">
                <display-name xml:lang="x-default">Litle Configs</display-name>
                <attribute attribute-id="LitleMerchantID_CC"/>
                <attribute attribute-id="LitleURL"/>
                <attribute attribute-id="LitleUsername"/>
                <attribute attribute-id="LitlePassword"/>
                <attribute attribute-id="LitleReportGroup"/>
            </attribute-group>
        </group-definitions>
    </type-extension>

</metadata>
